title,company,location,salary_min,salary_max,tags,url,posted
Senior Product Designer,Tratta,,NA,NA,senior | design | product designer | product,https://remoteOK.com/remote-jobs/remote-senior-product-designer-tratta-1129097,2025-12-03
Technical Customer Success Manager,DV Labs,"Lisbon, Portugal",NA,NA,manager | ethereum | game | technical | support | developer | software | devops | financial | cloud | node | engineer | engineering | digital nomad,https://remoteOK.com/remote-jobs/remote-technical-customer-success-manager-dv-labs-1129095,2025-12-03
Finance Project Team Lead,Avalere Health ,Manchester,NA,NA,training | technical | support | growth | accounting | financial | finance | microsoft | management | lead | operations | marketing | medical | health | healthcare,https://remoteOK.com/remote-jobs/remote-finance-project-team-lead-avalere-health-1129094,2025-12-03
Revenue Operations & Sales Lead,Playlab,,NA,NA,design | system | students | software | growth | education | strategy | lead | operations | sales | executive | digital nomad,https://remoteOK.com/remote-jobs/remote-revenue-operations-sales-lead-playlab-1129093,2025-12-03
Marketing Associate,Mochi Health,San Francisco,NA,NA,design | support | growth | voice | operational | marketing | go | medical | health | healthcare | digital nomad,https://remoteOK.com/remote-jobs/remote-marketing-associate-mochi-health-1129092,2025-12-03
Associate Product Designer,Mochi Health,San Francisco,NA,NA,design | designer | growth | operational | medical | health | healthcare | engineering | digital nomad,https://remoteOK.com/remote-jobs/remote-associate-product-designer-mochi-health-1129091,2025-12-03
Senior Python Engineer,SynRes,,NA,NA,engineer | senior | backend | ai | javascript | python,https://remoteOK.com/remote-jobs/remote-senior-python-engineer-synres-1129090,2025-12-02
Computational Bioengineer Gene Therapy Vector Design,GeneEase,,NA,NA,biotech | bioengineer | gene therapy | vector development,https://remoteOK.com/remote-jobs/remote-computational-bioengineer-gene-therapy-vector-design-geneease-1129088,2025-12-02
Social Media Lead,Supra,Remote,NA,NA,technical | test | growth | director | voice | video | finance | leader | strategy | management | lead | content,https://remoteOK.com/remote-jobs/remote-social-media-lead-supra-1129087,2025-12-02
Senior Application Engineer,InfStones,Texas,NA,NA,design | web3 | system | technical | software | growth | code | devops | cloud | node | leader | management | lead | senior | junior | engineer | engineering | backend | full-time | digital nomad,https://remoteOK.com/remote-jobs/remote-senior-application-engineer-infstones-1129086,2025-12-02
Associate Machine Learning Engineer Trust & Safety Intelligence,Spotify,"New York, NY",NA,NA,design | support | operations | engineer | digital nomad,https://remoteOK.com/remote-jobs/remote-associate-machine-learning-engineer-trust-safety-intelligence-spotify-1129085,2025-12-02
GTM Analytics Engineer,Stedi,,NA,NA,saas | founder | architect | recruiter | support | analyst | cloud | api | operational | analytics | sales | health | healthcare | recruiting | engineer | engineering | executive,https://remoteOK.com/remote-jobs/remote-gtm-analytics-engineer-stedi-1129084,2025-12-02
Software Developer,Benzinga,,NA,NA,golang | developer | software | python | financial | engineer | digital nomad,https://remoteOK.com/remote-jobs/remote-software-developer-benzinga-1129083,2025-12-01
Junior Crypto Trader,Apollo-Next,,NA,NA,sales | finance | crypto | analyst | web3 | blockchain | junior | defi | ethereum | bitcoin | web dev | teaching | other | ops | stats | quality assurance | exec,https://remoteOK.com/remote-jobs/remote-junior-crypto-trader-apollo-next-1129081,2025-12-01
Accountability Coach,Calibrate,United States,NA,NA,support,https://remoteOK.com/remote-jobs/remote-accountability-coach-calibrate-1129079,2025-12-01
DevOps Engineer,InfStones,Texas,NA,NA,amazon | web3 | system | security | support | software | testing | test | code | qa | devops | serverless | cloud | git | node | administrator | management | reliability | engineer | linux | full-time,https://remoteOK.com/remote-jobs/remote-devops-engineer-infstones-1129074,2025-12-01
Education Specialist,Berni Mick Ireland,,NA,NA,teacher | teaching | growth | education | leader | lead | marketing,https://remoteOK.com/remote-jobs/remote-education-specialist-berni-mick-ireland-1129073,2025-12-01
Coding Bootcampï¹£Job Guaranteed,Metana,,NA,NA,No Tech Background Needed | Job or 100% Money Back,https://remoteOK.com/remote-jobs/remote-coding-bootcamp-job-guaranteed-metana-1129072,2025-11-30
Scale Army Careers Jobs,Scale Army Careers,Remote,NA,NA,,https://remoteOK.com/remote-jobs/remote-scale-army-careers-jobs-scale-army-careers-1129068,2025-11-29
Software Engineer,Tech Innovations Inc.,San Francisco,NA,NA,software | react | testing | web | engineer,https://remoteOK.com/remote-jobs/remote-software-engineer-tech-innovations-inc-1129067,2025-11-28
Senior Data Engineer,1inch,,NA,NA,defi | crypto | security | support | financial | senior | analytics | engineer | engineering,https://remoteOK.com/remote-jobs/remote-senior-data-engineer-1inch-1129066,2025-11-28
Growth Marketing Manager,InfStones,Texas,NA,NA,growth | manager | web3 | node | mobile | management | marketing | analytics | sales | full-time,https://remoteOK.com/remote-jobs/remote-growth-marketing-manager-infstones-1129065,2025-11-28
Data Scientist,AnsibleHealth Inc.,New York,NA,NA,amazon | ansible | support | operational | analytics | health | healthcare | non tech,https://remoteOK.com/remote-jobs/remote-data-scientist-ansiblehealth-inc-1129064,2025-11-28
Production Code Quality Internship,Supra,Remote,NA,NA,code | technical | testing | finance | leader | internship,https://remoteOK.com/remote-jobs/remote-production-code-quality-internship-supra-1129063,2025-11-28
Senior Test Engineer,Endpoint Clinical,Remote US,NA,NA,test | security | technical | support | software | testing | api | management | senior | operational | health | engineer | engineering,https://remoteOK.com/remote-jobs/remote-senior-test-engineer-endpoint-clinical-1129061,2025-11-27
Graphic Designer Contract to Perm,Monad Foundation,,NA,NA,design | ethereum | system | designer | technical | animation | lead | full-time | digital nomad,https://remoteOK.com/remote-jobs/remote-graphic-designer-contract-to-perm-monad-foundation-1129060,2025-11-27
UX Researcher,Trammell Venture Partners,Remote,NA,NA,ux | design | digital nomad,https://remoteOK.com/remote-jobs/remote-ux-researcher-trammell-venture-partners-1129059,2025-11-27
Customer Growth Lead Americas,Immutable,,NA,NA,growth | design | web3 | ethereum | game | gaming | consulting | support | leader | strategy | lead | health | recruitment | digital nomad,https://remoteOK.com/remote-jobs/remote-customer-growth-lead-americas-immutable-1129058,2025-11-27
Senior Full Stack Software Engineer,Ether.fi,New York City,NA,NA,software | defi | crypto | front-end | technical | code | travel | banking | management | senior | analytics | go | engineer | engineering | backend,https://remoteOK.com/remote-jobs/remote-senior-full-stack-software-engineer-ether-fi-1129056,2025-11-26
Business Operations Manager,o1Labs,Remote,NA,NA,manager | web3 | cryptocurrency | support | growth | financial | node | lead | operations | operational | analytics,https://remoteOK.com/remote-jobs/remote-business-operations-manager-o1labs-1129051,2025-11-26
Senior Amazon Brand Manager,GNO Partners,,NA,NA,marketing | sales,https://remoteOK.com/remote-jobs/remote-senior-amazon-brand-manager-gno-partners-1129050,2025-11-26
Senior Product Manager Payments,Coinme,Remote,NA,NA,manager | defi | crypto | cryptocurrency | architect | growth | financial | finance | mobile | lead | senior,https://remoteOK.com/remote-jobs/remote-senior-product-manager-payments-coinme-1129049,2025-11-26
Software Engineer,Nomi Health,Remote,NA,NA,software | system | serverless | medical | healthcare | engineer,https://remoteOK.com/remote-jobs/remote-software-engineer-nomi-health-1129048,2025-11-26
Staff Backend Engineer Golang,Voodoo,,NA,NA,golang | mobile | golang | engineer | backend,https://remoteOK.com/remote-jobs/remote-staff-backend-engineer-golang-voodoo-1129047,2025-11-25
Senior Software Engineer Agentic Assistant,Flock Safety,,NA,NA,software | assistant | design | system | security | full-stack | technical | recruiter | testing | ui | ux | web | cloud | postgresql | typescript | node | api | senior | excel | sales | reliability | health | engineer | engineering | backend | digital nomad,https://remoteOK.com/remote-jobs/remote-senior-software-engineer-agentic-assistant-flock-safety-1129046,2025-11-25
Customer Success and Engagement Manager,Egen,Remote,NA,NA,manager | training | consulting | technical | strategist | support | software | growth | financial | cloud | management | lead | legal | health | engineering,https://remoteOK.com/remote-jobs/remote-customer-success-and-engagement-manager-egen-1129045,2025-11-25
Staff Engineer Team Lead Market Data,Alpaca,Remote - Europe - North America,NA,NA,design | crypto | technical | financial | investment | c | api | lead | engineer | digital nomad,https://remoteOK.com/remote-jobs/remote-staff-engineer-team-lead-market-data-alpaca-1129044,2025-11-25
Careers,Octopus Deploy,Remote,NA,NA,,https://remoteOK.com/remote-jobs/remote-careers-octopus-deploy-1129043,2025-11-25
Institutional Sales Representative Wealth &amp; Asset Management,Anchorage Digital,United States,NA,NA,design | crypto | security | growth | financial | finance | bank | strategy | management | operations | legal | sales | executive | digital nomad,https://remoteOK.com/remote-jobs/remote-institutional-sales-representative-wealth-amp-asset-management-anchorage-digital-1129042,2025-11-25
Vice President Project Delivery,Avalere Health ,,NA,NA,design | training | support | growth | financial | finance | leader | management | senior | operational | marketing | medical | health | healthcare | digital nomad,https://remoteOK.com/remote-jobs/remote-vice-president-project-delivery-avalere-health-1129041,2025-11-25
Python + AWS DevOps Engineer,nSoft,,NA,NA,engineer | technical | backend | devops | python | dev,https://remoteOK.com/remote-jobs/remote-python-aws-devops-engineer-nsoft-1129040,2025-11-25
Operations Manager Role,Sienna Charles,,NA,NA,other | ops | exec,https://remoteOK.com/remote-jobs/remote-operations-manager-role-sienna-charles-1129039,2025-11-24
Customer Service Director Role,Sienna Charles,,NA,NA,other | ops | exec,https://remoteOK.com/remote-jobs/remote-customer-service-director-role-sienna-charles-1129038,2025-11-24
People Operations Leader,Sienna Charles,,NA,NA,other | ops | exec,https://remoteOK.com/remote-jobs/remote-people-operations-leader-sienna-charles-1129037,2025-11-24
Current openings,Coursera Sourcing,Remote,NA,NA,,https://remoteOK.com/remote-jobs/remote-current-openings-coursera-sourcing-1129035,2025-11-24
Global Elite Texas Work From Home Client Services Representative,Global Elite Empire,Charleston,NA,NA,part-time,https://remoteOK.com/remote-jobs/remote-global-elite-texas-work-from-home-client-services-representative-global-elite-empire-1129034,2025-11-24
Senior Software Engineer Back End,Tomo,US,NA,NA,software | fintech | senior | engineer | engineering | backend,https://remoteOK.com/remote-jobs/remote-senior-software-engineer-back-end-tomo-1129033,2025-11-24
Excellent Frontend Developer,Parseur,,NA,NA,engineer | senior | design | saas | web dev | front end | dev,https://remoteOK.com/remote-jobs/remote-excellent-frontend-developer-parseur-1129032,2025-11-24
Software Engineer,Tech Innovations Inc.,San Francisco,NA,NA,software | testing | javascript | cloud | engineer,https://remoteOK.com/remote-jobs/remote-software-engineer-tech-innovations-inc-1129031,2025-11-24
Virtual Assistant $1 000 Weekly,Best Estimate Pro,,NA,NA,customer support | admin | virtual assistant,https://remoteOK.com/remote-jobs/remote-virtual-assistant-1-000-weekly-best-estimate-pro-1129030,2025-11-24
Lead Narrative Designer Design Hybrid,Firesprite,United Kingdom,NA,NA,design | training | game | designer | testing | director | management | lead | digital nomad,https://remoteOK.com/remote-jobs/remote-lead-narrative-designer-design-hybrid-firesprite-1129027,2025-11-24
Leadership Development Director Independent &amp,Lifestyle Seed Consulting,,NA,NA,consulting | director | students | training | support | growth | education | content | marketing,https://remoteOK.com/remote-jobs/remote-leadership-development-director-independent-amp-lifestyle-seed-consulting-1129024,2025-11-23
Principal Engineer Asp.Net,WISEcode,United States,NA,NA,design | embedded | system | front-end | security | teach | full-stack | founder | cto | architect | technical | strategist | developer | growth | ui | cloud | api | leader | strategy | senior | reliability | engineer | engineering | digital nomad,https://remoteOK.com/remote-jobs/remote-principal-engineer-asp-net-wisecode-1129022,2025-11-23
Senior Software Engineer Integrations,Jobgether,,NA,NA,software | design | system | security | technical | support | code | web | lead | senior | junior | healthcare | engineer | engineering | digital nomad,https://remoteOK.com/remote-jobs/remote-senior-software-engineer-integrations-jobgether-1129020,2025-11-22
Software Engineering Internship Summer 2026,OpenSesame,Remote,NA,NA,software | saas | students | content | engineering | internship,https://remoteOK.com/remote-jobs/remote-software-engineering-internship-summer-2026-opensesame-1129018,2025-11-22
IT Specialist,Circle.so,Remote,NA,NA,security | support | finance | operations | non tech,https://remoteOK.com/remote-jobs/remote-it-specialist-circle-so-1129017,2025-11-22
DevOps Engineer,HappyCo,Canada,NA,NA,design | security | developer | devops | cloud | postgresql | mobile | management | operations | reliability | golang | engineer | engineering | recruitment | linux | educational | backend | digital nomad,https://remoteOK.com/remote-jobs/remote-devops-engineer-happyco-1129015,2025-11-22
Senior Financial Analyst,Precision for Medicine,"Remote, United States",NA,NA,analyst | cfo | support | director | accountant | financial | finance | senior | operational | executive | non tech,https://remoteOK.com/remote-jobs/remote-senior-financial-analyst-precision-for-medicine-1129013,2025-11-21
Intern Software Development,Netomi,Remote - India,NA,NA,software | design | technical | code | web | java | management | backend | digital nomad,https://remoteOK.com/remote-jobs/remote-intern-software-development-netomi-1129012,2025-11-21
Web Designer,Wing Assistant,Columbia,NA,NA,web | virtual assistant | design | designer | support | testing | growth | ux | assistant | seo | senior | marketing | analytics | sales | digital nomad,https://remoteOK.com/remote-jobs/remote-web-designer-wing-assistant-1129011,2025-11-21
SAP S4 HANA EWM Functional Consultant,cBEYONData,Remote,NA,NA,consultant | architect | support | management | lead,https://remoteOK.com/remote-jobs/remote-sap-s4-hana-ewm-functional-consultant-cbeyondata-1129010,2025-11-20
Senior Product Manager,Maven,Remote,NA,NA,manager | system | education | leader | management | lead | senior | engineer | engineering,https://remoteOK.com/remote-jobs/remote-senior-product-manager-maven-1129009,2025-11-20
Finance Data Analyst,Circle.so,Remote,NA,NA,analyst | growth | financial | finance | strategy | operational | engineering,https://remoteOK.com/remote-jobs/remote-finance-data-analyst-circle-so-1129008,2025-11-20
SaaS Growth Marketer,Land Insights,,NA,NA,marketing | saas | full time | seo | content writing | ads,https://remoteOK.com/remote-jobs/remote-saas-growth-marketer-land-insights-1129007,2025-11-20
Mercor STEM Expert application via RippleMatch,Mercor,Denver,NA,NA,technical | reliability,https://remoteOK.com/remote-jobs/remote-mercor-stem-expert-application-via-ripplematch-mercor-1129003,2025-11-20
Strategic Account Executive,Saviynt,Boston,NA,NA,saas | security | training | growth | cloud | mobile | leader | management | lead | operational | marketing | sales | executive,https://remoteOK.com/remote-jobs/remote-strategic-account-executive-saviynt-1129002,2025-11-20
Senior Platform Engineer,Cytora,,NA,NA,technical | growth | web | serverless | senior | engineer,https://remoteOK.com/remote-jobs/remote-senior-platform-engineer-cytora-1129001,2025-11-20
Lead Product Designer Hybrid,Weedmaps,"Austin, TX",NA,NA,design | ios | designer | mobile | strategy | lead | android | digital nomad,https://remoteOK.com/remote-jobs/remote-lead-product-designer-hybrid-weedmaps-1129000,2025-11-20
Associate Onboarding Manager,Comply,United States,NA,NA,manager | jira | saas | consulting | support | financial | investment | management | lead | operational | sales | non tech,https://remoteOK.com/remote-jobs/remote-associate-onboarding-manager-comply-1128999,2025-11-20
Staff Software Engineer Full Stack & AI Systems,Sully.ai,,NA,NA,software | design | system | frontend | python | full-stack | architect | test | ui | cloud | api | admin | healthcare | engineer | engineering | digital nomad,https://remoteOK.com/remote-jobs/remote-staff-software-engineer-full-stack-ai-systems-sully-ai-1128998,2025-11-20
Customer Success Manager II,Planet,Europe,NA,NA,manager | software,https://remoteOK.com/remote-jobs/remote-customer-success-manager-ii-planet-1128997,2025-11-20
Senior Software Engineer,Acquia,Pune or Delhi/NCR,NA,NA,software | system | frontend | back-end | technical | code | analyst | php | angular | api | leader | senior | engineer | engineering | backend,https://remoteOK.com/remote-jobs/remote-senior-software-engineer-acquia-1128996,2025-11-19
Technical Content Writer &amp; Knowledge Specialist,Skio,Remote,NA,NA,training | technical | writer | support | css | content | marketing | analytics | engineering | shopify,https://remoteOK.com/remote-jobs/remote-technical-content-writer-amp-knowledge-specialist-skio-1128995,2025-11-19
Technical Copywriter,Warp,Remote within US and Canada,NA,NA,copywriter | technical | support | software | code | api | content,https://remoteOK.com/remote-jobs/remote-technical-copywriter-warp-1128994,2025-11-19
VP Protocol Engineer,Galaxy Digital Services,US,NA,NA,web3 | crypto | founder | ceo | support | investment | finance | leader | engineer | engineering,https://remoteOK.com/remote-jobs/remote-vp-protocol-engineer-galaxy-digital-services-1128993,2025-11-19
Product Engineer,PostHog,,NA,NA,full stack | dev | engineer | python | rust | javascript | typescript | react | angular | vue | pyton | django | golang,https://remoteOK.com/remote-jobs/remote-product-engineer-posthog-1128992,2025-11-19
Blockchain Security Expert Security Audit Track,CertiK,US / Remote,NA,NA,security | web3 | support | software | testing | code | sales | engineer | full-time,https://remoteOK.com/remote-jobs/remote-blockchain-security-expert-security-audit-track-certik-1128991,2025-11-19
Operations Risk Analyst,Kalshi,New York,NA,NA,analyst | system | financial | operations | operational | engineering,https://remoteOK.com/remote-jobs/remote-operations-risk-analyst-kalshi-1128990,2025-11-19
Blockchain Site Reliability Engineer,InfStones,Texas,NA,NA,web3 | solidity | system | technical | node | management | operational | reliability | engineer | engineering | linux | full-time,https://remoteOK.com/remote-jobs/remote-blockchain-site-reliability-engineer-infstones-1128989,2025-11-19
Current openings,ALX Africa,Remote,NA,NA,,https://remoteOK.com/remote-jobs/remote-current-openings-alx-africa-1128988,2025-11-19
Senior Software Engineer Billing Platform,Grow Therapy,"New York City, Seattle, San Francisco",NA,NA,software | financial | senior | healthcare | engineer | engineering,https://remoteOK.com/remote-jobs/remote-senior-software-engineer-billing-platform-grow-therapy-1128987,2025-11-19
Senior Software Engineer Client Engagement,Grow Therapy,"New York City, Seattle, San Francisco",NA,NA,software | frontend | full-stack | support | api | mobile | senior | health | healthcare | engineer | engineering | backend,https://remoteOK.com/remote-jobs/remote-senior-software-engineer-client-engagement-grow-therapy-1128986,2025-11-19
Enterprise Account Executive,Grow Therapy,Remote- US,NA,NA,growth | strategy | sales | health | healthcare | executive,https://remoteOK.com/remote-jobs/remote-enterprise-account-executive-grow-therapy-1128985,2025-11-19
Customer Support,Contra,,NA,NA,customer support,https://remoteOK.com/remote-jobs/remote-customer-support-contra-1128983,2025-11-18
C# .Net developer,AEXGroup,,NA,NA,backend,https://remoteOK.com/remote-jobs/remote-c-net-developer-aexgroup-1128982,2025-11-18
Full Stack Engineer Developer Portal,Helius,,NA,NA,developer | design | web3 | react | system | frontend | security | full-stack | technical | support | code | web | devops | api | lead | senior | engineer | backend | digital nomad,https://remoteOK.com/remote-jobs/remote-full-stack-engineer-developer-portal-helius-1128980,2025-11-18
Data Scientist GeoAI,Esri,New Delhi,NA,NA,developer | software | leader | analytics | digital nomad,https://remoteOK.com/remote-jobs/remote-data-scientist-geoai-esri-1128979,2025-11-18
Senior Golang Engineer,Everwest,Not specified,NA,NA,senior | operational | golang | engineer,https://remoteOK.com/remote-jobs/remote-senior-golang-engineer-everwest-1128978,2025-11-18
Vice President Senior Frontend Developer,Galaxy,Mumbai,NA,NA,frontend | developer | web3 | crypto | founder | ceo | investment | finance | leader | senior | digital nomad,https://remoteOK.com/remote-jobs/remote-vice-president-senior-frontend-developer-galaxy-1128977,2025-11-18
Customer Success Manager,LiveKit,,NA,NA,manager | technical | support | developer | sales | digital nomad,https://remoteOK.com/remote-jobs/remote-customer-success-manager-livekit-1128976,2025-11-18
Full Stack Engineer,Darkroom,New York,NA,NA,react | technical | software | code | devops | cloud | junior | marketing | engineer | engineering,https://remoteOK.com/remote-jobs/remote-full-stack-engineer-darkroom-1128975,2025-11-18
Incident Response Engineer,Solera Health,Remote - USA,NA,NA,system | front-end | software | growth | node.js | medical | health | engineer | engineering,https://remoteOK.com/remote-jobs/remote-incident-response-engineer-solera-health-1128974,2025-11-18
Data Engineer Revenue Platform,Spotify,London,NA,NA,design | system | python | music | technical | support | code | financial | finance | cloud | scala | operations | operational | engineer | engineering | recruitment | backend | digital nomad,https://remoteOK.com/remote-jobs/remote-data-engineer-revenue-platform-spotify-1128972,2025-11-17
FRONTEND ANGULAR SYMFONY,XKTalent Inc. - Rimutee,,NA,NA,frontend | web | javascript | php | git | angular,https://remoteOK.com/remote-jobs/remote-frontend-angular-symfony-xktalent-inc-rimutee-1128971,2025-11-17
Senior Performance Marketer,EverAI,,NA,NA,marketing,https://remoteOK.com/remote-jobs/remote-senior-performance-marketer-everai-1128970,2025-11-17
Program Delivery Intern,ALX Africa,Remote,NA,NA,students | training | support | software,https://remoteOK.com/remote-jobs/remote-program-delivery-intern-alx-africa-1128969,2025-11-17
Program Delivery Intern,ALX Africa,Remote,NA,NA,students | training | support | software,https://remoteOK.com/remote-jobs/remote-program-delivery-intern-alx-africa-1128968,2025-11-17
Software Engineer II Golang,Stacklok,Remote: Europe,NA,NA,software | system | frontend | management | golang | engineer | backend,https://remoteOK.com/remote-jobs/remote-software-engineer-ii-golang-stacklok-1128967,2025-11-17
